{
  "hash": "f4edb3b1",
  "configHash": "30bb5bbb",
  "lockfileHash": "783d95a2",
  "browserHash": "326641c2",
  "optimized": {
    "@angular/common": {
      "src": "../../../../../../node_modules/@angular/common/fesm2022/common.mjs",
      "file": "@angular_common.js",
      "fileHash": "a3f2a818",
      "needsInterop": false
    },
    "@angular/common/http": {
      "src": "../../../../../../node_modules/@angular/common/fesm2022/http.mjs",
      "file": "@angular_common_http.js",
      "fileHash": "16b6e3c4",
      "needsInterop": false
    },
    "@angular/core": {
      "src": "../../../../../../node_modules/@angular/core/fesm2022/core.mjs",
      "file": "@angular_core.js",
      "fileHash": "51472574",
      "needsInterop": false
    },
    "@angular/forms": {
      "src": "../../../../../../node_modules/@angular/forms/fesm2022/forms.mjs",
      "file": "@angular_forms.js",
      "fileHash": "7fe1c2a3",
      "needsInterop": false
    },
    "@angular/platform-browser": {
      "src": "../../../../../../node_modules/@angular/platform-browser/fesm2022/platform-browser.mjs",
      "file": "@angular_platform-browser.js",
      "fileHash": "bbbbd188",
      "needsInterop": false
    },
    "@angular/router": {
      "src": "../../../../../../node_modules/@angular/router/fesm2022/router.mjs",
      "file": "@angular_router.js",
      "fileHash": "731732dc",
      "needsInterop": false
    }
  },
  "chunks": {
    "chunk-Z62E56CR": {
      "file": "chunk-Z62E56CR.js"
    },
    "chunk-4OVHQ62L": {
      "file": "chunk-4OVHQ62L.js"
    },
    "chunk-OZJ6AC3W": {
      "file": "chunk-OZJ6AC3W.js"
    },
    "chunk-EHVSD3XR": {
      "file": "chunk-EHVSD3XR.js"
    }
  }
}